"System","Type","Name","SubName","Datatype","Description"
"poweroffice","contactperson","address1","","string","Gets or sets the first address line."
"poweroffice","contactperson","address2","","string","Gets or sets the second address line."
"poweroffice","contactperson","citizenship","","array","Gets or sets the citizenship ISO 3166-1 alfa-2 country codes (Two characters) of this contact person. This property is defined as string in the documentation."
"poweroffice","contactperson","city","","string","Gets or sets the address city."
"poweroffice","contactperson","dateOfBirth","","string (date)","Gets or sets the date of birth of this contact person."
"poweroffice","contactperson","emailAddress","","string","Gets or sets the email address."
"poweroffice","contactperson","externalCode","","string","Gets or sets the external code - can be used to reference the contact person in the external system."
"poweroffice","contactperson","firstName","","string","Gets or sets the first name."
"poweroffice","contactperson","gender","","integer","Gets or sets the Gender of this contact person."
"poweroffice","contactperson","hasNorwegianSSN","","boolean","Gets or sets a value indicative of whether this contact person has a norwegian social security number or not"
"poweroffice","contactperson","id","","integer","Gets the identifier. This identifier is unique and assigned by PowerOffice Go when a new entity is saved, and should be provided when an entity should be edited. If this identifier is not provided, PowerOffice Go will try to create a new entity."
"poweroffice","contactperson","isActive","","boolean","Gets or sets a value indicating whether this contact person is active."
"poweroffice","contactperson","isPep","","boolean","Gets or sets if the contact person is a politically exposed person (PEP)."
"poweroffice","contactperson","isRca","","boolean","Gets or sets if the contact person has relatives or close associates of PEP (RCA)"
"poweroffice","contactperson","lastChanged","","string (date)","Gets the last changed date."
"poweroffice","contactperson","lastName","","string","Gets or sets the last name."
"poweroffice","contactperson","partyCustomerCode","","integer","Gets the code of the Customer that this contact person is associated with"
"poweroffice","contactperson","partyId","","integer","Gets the id of the Customer and/or Supplier this contact person is for."
"poweroffice","contactperson","partySupplierCode","","integer","Gets the code of the Supplier that this contact person is associated with"
"poweroffice","contactperson","phoneNumber","","string","Gets or sets the phone number."
"poweroffice","contactperson","placeOfBirth","","string","Gets or sets the place of birth of this contact person."
"poweroffice","contactperson","residenceCountryCode","","string","Gets or sets the ISO 3166-1 alfa-2 country code (Two characters) of this contact persons country of residence."
"poweroffice","contactperson","socialSecurityNumber","","string","Sets the social security number for this contact person"
"poweroffice","contactperson","zipCode","","string","Gets or sets the address zip code."
"poweroffice","customer","code","","integer","Gets or sets the code."
"poweroffice","customer","contactGroups","","array","Gets or sets the contact groups. This collection will contain the names of all the ContactGroup the party is associated with. If the collection is provided a contact group that does not exist, the contact group will be created when saving. The type is 'string' in the docs."
"poweroffice","customer","contactPersonId","","integer","Gets or sets id of the primary ContactPerson on the party."
"poweroffice","customer","createdDate","","string (date)","Gets the creation date."
"poweroffice","customer","createdFromImportJournalId","","string (GUID)","Gets the if of the Import that created this party."
"poweroffice","customer","currencyCode","","string","Gets or sets the currency code."
"poweroffice","customer","customerCreatedDate","","string (date)","Gets date when contact first became a customer"
"poweroffice","customer","dateOfBirth","","string (date)","Gets or sets the date of birth."
"poweroffice","customer","deliveryTerm","","string","Gets or sets the delivery term."
"poweroffice","customer","departmentCode","","string","Gets or sets the code of the Department this customer belongs to."
"poweroffice","customer","discountPercent","","number","Gets or sets the fixed discount percent for this customer, this value should be between 0 and 100. Can also be used to add a premium in percent of the sales price (usually markup) by having negative number. Negative numbers can be between -1000 and 0."
"poweroffice","customer","doNotAddLatePaymentFees","","boolean","Gets or sets a value indicating whether or not to add late payment fees when sending reminders to this customer."
"poweroffice","customer","doNotAddLatePaymentInterest","","boolean","Gets or sets a value indicating whether or not to add late payment interest when sending reminders to this customer."
"poweroffice","customer","emailAddress","","string","Gets or sets the email address."
"poweroffice","customer","externalCode","","integer","Gets or sets the external code. If this entity is imported with a number outside the number range for this type of party, this field will contain the imported original number. This number has precedence over GoApi.Party.Party.Code when choosing which entity to use when importing files through the import service. I.e. when importing OutgoingInvoices on the import service on a customer with Code 10000 - the import will choose the customer with ExternalCode 10000 over the customer with Code 10000."
"poweroffice","customer","externalImportReference","","string","Gets or sets an external import reference that is unique within the account type (Customer, Supplier, Employee). It can be edited by any integration - at any time. Max length is 50 characters."
"poweroffice","customer","firstName","","string","Gets or sets the first name."
"poweroffice","customer","hourlyRate","","number","Gets or sets the hourly rate to use when billing time to the Customer."
"poweroffice","customer","id","","integer","Gets the identifier. This identifier is unique and assigned by PowerOffice Go when a new entity is saved, and should be provided when an entity should be edited. If this identifier is not provided, PowerOffice Go will try to create a new entity."
"poweroffice","customer","internationalIdCountryCode","","string","Gets or sets the international ID country code. Country code is given in ISO 3166-1 alfa-2 standard (Two characters)."
"poweroffice","customer","internationalIdNumber","","string","Gets or sets the international ID number. For privacy reasons queries returns 'hidden' if this field has a value and null if it's empty."
"poweroffice","customer","internationalIdType","","string","Gets or sets the international ID type. The type is not well documented. See https://api.poweroffice.net/Web/docs/index.html#Reference/Rest/Type_Customer.md"
"poweroffice","customer","invoiceBrandingThemeCode","","string","Gets or sets the code of the BrandingTheme used when sending invoices to this customer. If NULL, the clients default branding theme will be used."
"poweroffice","customer","invoiceDeliveryType","","integer","Gets or sets how invoices should be delivered to the customer."
"poweroffice","customer","invoiceEmailAddress","","string","Gets or sets the invoice email address."
"poweroffice","customer","invoiceEmailAddressCC","","string","Gets or sets the invoice email CC address."
"poweroffice","customer","isActive","","boolean","Gets IsActive on Customer and Supplier. This property reflects if an entity is currently a Customer and/or Supplier, depending on the endpoint queried."
"poweroffice","customer","isArchived","","boolean","Gets or sets a value indicating whether this party is archived (is inactive)"
"poweroffice","customer","isPerson","","boolean","Gets or sets a value indicating whether this party is a private person."
"poweroffice","customer","isVatFree","","boolean","Gets or sets a value indicating whether this customer is vat free. Sales against the customer will use the alternative sales account on the product or product group when posting the revenue if this is set to true."
"poweroffice","customer","lastChanged","","string (date)","Gets the last changed date."
"poweroffice","customer","lastName","","string","Gets or sets the last name."
"poweroffice","customer","legalName","","string","Gets or sets the legal name."
"poweroffice","customer","mailAddress.address1","","string","Gets or sets the first address line. This is usually used for street name or postal box."
"poweroffice","customer","mailAddress.address2","","string","Gets or sets the second address line. Used for additional specifications of the address."
"poweroffice","customer","mailAddress.address3","","string","OBSOLETE - Gets or sets the third address line. This property is no longer in use and will be removed on a later date."
"poweroffice","customer","mailAddress.city","","string","Gets or sets the city."
"poweroffice","customer","mailAddress.countryCode","","string","Gets or sets the ISO 3166-1 alfa-2 country code (Two characters)"
"poweroffice","customer","mailAddress.externalCode","","string","Get or sets the external code - can be used to reference the address in the external system"
"poweroffice","customer","mailAddress.id","","integer","Gets or sets the identifier. This identifier is unique and assigned by PowerOffice Go when a new entity is saved, and should be provided when an entity should be edited. If this identifier is not provided, PowerOffice Go will try to create a new entity."
"poweroffice","customer","mailAddress.isPrimary","","boolean","Flag indicating whether or not this address is the primary delivery address. Primary delivery address will be suggested as the delivery address when creating new invoices."
"poweroffice","customer","mailAddress.lastChanged","","string (date)","Gets or sets the last changed date (DateTimeOffset)."
"poweroffice","customer","mailAddress.zipCode","","string","Gets or sets the zip code (postal code)."
"poweroffice","customer","name","","string","Gets or sets the name."
"poweroffice","customer","noticeOfDebtCollectionDeliveryType","","integer","Gets or sets how notice of debt collection should be delivered to the customer."
"poweroffice","customer","ourReferenceEmployeeCode","","number","Gets or sets the code of the Employee of the sales person handling this customer (Our reference)."
"poweroffice","customer","paymentTerms","","number","Gets or sets the payment terms. This is the default number of days after an invoice sent to this customer is due."
"poweroffice","customer","phoneNumber","","string","Gets or sets the phone number."
"poweroffice","customer","reminderDeliveryType","","integer","Gets or sets the how reminders should be delivered to the customer."
"poweroffice","customer","reminderEmailAddress","","string","Gets or sets the reminder email address. Used if ReminderDeliveryType and/or NoticeOfDebtCollectionDeliveryType uses email."
"poweroffice","customer","reportInternationalId","","boolean","Gets or sets a value indicating whether International ID should be reported to Altinn."
"poweroffice","customer","sendReminders","","boolean","Gets or sets a value indicating whether to send reminders for this customer or not."
"poweroffice","customer","since","","string (date)","Gets or sets when the customer or supplier first became a contact."
"poweroffice","customer","socialSecurityNumber","","string","Sets the social security number. For privacy reasons queries returns 'hidden' if this field has a value and null if it's empty."
"poweroffice","customer","streetAddress.address1","","string","Gets or sets the first address line. This is usually used for street name or postal box."
"poweroffice","customer","streetAddress.address2","","string","Gets or sets the second address line. Used for additional specifications of the address."
"poweroffice","customer","streetAddress.address3","","string","OBSOLETE - Gets or sets the third address line. This property is no longer in use and will be removed on a later date."
"poweroffice","customer","streetAddress.city","","string","Gets or sets the city."
"poweroffice","customer","streetAddress.countryCode","","string","Gets or sets the ISO 3166-1 alfa-2 country code (Two characters)"
"poweroffice","customer","streetAddress.externalCode","","string","Get or sets the external code - can be used to reference the address in the external system"
"poweroffice","customer","streetAddress.id","","integer","Gets or sets the identifier. This identifier is unique and assigned by PowerOffice Go when a new entity is saved, and should be provided when an entity should be edited. If this identifier is not provided, PowerOffice Go will try to create a new entity."
"poweroffice","customer","streetAddress.isPrimary","","boolean","Flag indicating whether or not this address is the primary delivery address. Primary delivery address will be suggested as the delivery address when creating new invoices."
"poweroffice","customer","streetAddress.lastChanged","","string (date)","Gets or sets the last changed date (DateTimeOffset)."
"poweroffice","customer","streetAddress.zipCode","","string","Gets or sets the zip code (postal code)."
"poweroffice","customer","streetAddresses","address1","string","Gets or sets the first address line. This is usually used for street name or postal box."
"poweroffice","customer","streetAddresses","address2","string","Gets or sets the second address line. Used for additional specifications of the address."
"poweroffice","customer","streetAddresses","address3","string","OBSOLETE - Gets or sets the third address line. This property is no longer in use and will be removed on a later date."
"poweroffice","customer","streetAddresses","city","string","Gets or sets the city."
"poweroffice","customer","streetAddresses","countryCode","string","Gets or sets the ISO 3166-1 alfa-2 country code (Two characters)"
"poweroffice","customer","streetAddresses","externalCode","string","Get or sets the external code - can be used to reference the address in the external system"
"poweroffice","customer","streetAddresses","id","integer","Gets or sets the identifier. This identifier is unique and assigned by PowerOffice Go when a new entity is saved, and should be provided when an entity should be edited. If this identifier is not provided, PowerOffice Go will try to create a new entity."
"poweroffice","customer","streetAddresses","isPrimary","boolean","Flag indicating whether or not this address is the primary delivery address. Primary delivery address will be suggested as the delivery address when creating new invoices."
"poweroffice","customer","streetAddresses","lastChanged","string (date)","Gets or sets the last changed date (DateTimeOffset)."
"poweroffice","customer","streetAddresses","zipCode","string","Gets or sets the zip code (postal code)."
"poweroffice","customer","subledgerNumberSeriesId","","string (GUID)","Sets the id to the SubledgerNumberSeries the party should be applied to when creating it."
"poweroffice","customer","transferToDebtCollectionAgency","","boolean","Gets or sets a value indicating whether invoices to this customers should be transferred to a debt collection agency after it's due."
"poweroffice","customer","useFactoring","","boolean","Gets or sets a value indicating whether it's specified that invoices to this customer should use factoring."
"poweroffice","customer","useInvoiceFee","","boolean","Gets or sets whether invoice fee will be used when invoicing the customer. Relevant only if the client use invoice fee."
"poweroffice","customer","vatNumber","","string","Gets or sets the vat number (Organization number)."
"poweroffice","customer","websiteUrl","","string","Gets or sets the website URL."
"poweroffice","employee","code","","integer","Gets or sets the code."
"poweroffice","employee","contactGroups","","array","Gets or sets the contact groups. This collection will contain the names of all the ContactGroup the party is associated with. If the collection is provided a contact group that does not exist, the contact group will be created when saving. The property type is defined as string in the docs. check https://api.poweroffice.net/Web/docs/index.html#Reference/Rest/Type_Employee.md"
"poweroffice","employee","createdDate","","string (date)","Gets the creation date."
"poweroffice","employee","createdFromImportJournalId","","string (GUID)","Gets the if of the Import that created this party."
"poweroffice","employee","dateOfBirth","","string (date)","Gets or sets the date of birth."
"poweroffice","employee","departmentCode","","string","Gets or sets the code of the Department this employee belongs to."
"poweroffice","employee","emailAddress","","string","Gets or sets the email address."
"poweroffice","employee","employeeCreatedDate","","string (date)","Gets date when contact first became a employee"
"poweroffice","employee","endDate","","string (date)","Gets or sets the end date."
"poweroffice","employee","expenseBankAccountCode","","string","Gets or sets the expense bank account code Saving the employee entity will fail if the PartyBankAccount with given code does not exist on the employee."
"poweroffice","employee","externalCode","","number","Gets or sets the external code. If this entity is imported with a number outside the number range for this type of party, this field will contain the imported original number. This number has precedence over GoApi.Party.Party.Code when choosing which entity to use when importing files through the import service. I.e. when importing OutgoingInvoices on the import service on a customer with Code 10000 - the import will choose the customer with ExternalCode 10000 over the customer with Code 10000."
"poweroffice","employee","externalImportReference","","string","Gets or sets an external import reference that is unique within the account type (Customer, Supplier, Employee). It can be edited by any integration - at any time. Max length is 50 characters."
"poweroffice","employee","firstName","","string","Gets or sets the first name."
"poweroffice","employee","gender","","integer","Gets or sets the gender of the employee. Valid inputs; 0, (Unspecified) 1, (Male) and 2 (Female). Requires Social Security Number privilege to retreive, and will return 'hidden' (-1) if queried without this privilege. The privilege must be granted by the API team."
"poweroffice","employee","hiredDate","","string (date)","Gets or sets the hired date."
"poweroffice","employee","hourlyCost","","number","OBSOLETE - Gets or sets the hourly cost as used by the time tracking system. Use HourlyRates collection to add, update and delete."
"poweroffice","employee","hourlyRate","","number","OBSOLETE - Gets or sets the hourly rate on this employee to use when billing time. Use HourlyRates collection to add, update and delete."
"poweroffice","employee","hourlyRates","hourlyCost","number","Gets or sets the hourly cost."
"poweroffice","employee","hourlyRates","hourlyRate","number","Gets or sets the hourly rate."
"poweroffice","employee","hourlyRates","id","number","Gets the identifier. This identifier is unique and assigned by PowerOffice Go when a new entity is saved, and should be provided when an entity should be edited. If this identifier is not provided, PowerOffice Go will try to create a new entity."
"poweroffice","employee","hourlyRates","isDeleted","boolean","Sets the deleted state. When saving, this entity will be deleted if this property is set to true and the Id is valid."
"poweroffice","employee","hourlyRates","validFrom","string (date)","Gets or sets the date from which this rate is to be used from."
"poweroffice","employee","hourlyRates","validTo","string (date)","Gets the date from which this rate is no longer in use."
"poweroffice","employee","id","","integer","Gets the identifier. This identifier is unique and assigned by PowerOffice Go when a new entity is saved, and should be provided when an entity should be edited. If this identifier is not provided, PowerOffice Go will try to create a new entity."
"poweroffice","employee","internationalIdCountryCode","","string","Gets or sets the international ID country code. Country code is given in ISO 3166-1 alfa-2 standard (Two characters)."
"poweroffice","employee","internationalIdNumber","","string","Gets or sets the international ID number. For privacy reasons queries returns 'hidden' if this field has a value and null if it's empty."
"poweroffice","employee","internationalIdType","","integer","Gets or sets the international ID type. The property type is defined as InternationalIdType in the docs. check https://api.poweroffice.net/Web/docs/index.html#reference/rest/Type_InternationalIdType.md"
"poweroffice","employee","isArchived","","boolean","Gets or sets a value indicating whether this party is archived (is inactive)"
"poweroffice","employee","jobTitle","","string","Gets or sets the job title."
"poweroffice","employee","lastChanged","","string (date)","Gets the last changed date."
"poweroffice","employee","lastName","","string","Gets or sets the last name."
"poweroffice","employee","locationCode","","string","Gets or sets the code of the Location this employee works at."
"poweroffice","employee","mailAddress.address1","","string","Gets or sets the first address line. This is usually used for street name or postal box."
"poweroffice","employee","mailAddress.address2","","string","Gets or sets the second address line. Used for additional specifications of the address."
"poweroffice","employee","mailAddress.address3","","string","OBSOLETE - Gets or sets the third address line. This property is no longer in use and will be removed on a later date."
"poweroffice","employee","mailAddress.city","","string","Gets or sets the city."
"poweroffice","employee","mailAddress.countryCode","","string","Gets or sets the ISO 3166-1 alfa-2 country code (Two characters)"
"poweroffice","employee","mailAddress.externalCode","","string","Get or sets the external code - can be used to reference the address in the external system"
"poweroffice","employee","mailAddress.id","","integer","Gets or sets the identifier. This identifier is unique and assigned by PowerOffice Go when a new entity is saved, and should be provided when an entity should be edited. If this identifier is not provided, PowerOffice Go will try to create a new entity."
"poweroffice","employee","mailAddress.isPrimary","","boolean","Flag indicating whether or not this address is the primary delivery address. Primary delivery address will be suggested as the delivery address when creating new invoices."
"poweroffice","employee","mailAddress.lastChanged","","string (date)","Gets or sets the last changed date (DateTimeOffset)."
"poweroffice","employee","mailAddress.zipCode","","string","Gets or sets the zip code (postal code)."
"poweroffice","employee","managerEmployeeCode","","number","Gets or sets the code of the Employee that is the manager of this employee."
"poweroffice","employee","nationalityCountryCode","","string","Gets or sets the nationality country code."
"poweroffice","employee","payrollBankAccountCode","","string","Gets or sets the payroll bank account code. Saving the employee entity will fail if the PartyBankAccount with given code does not exist on the employee."
"poweroffice","employee","payrollEmailAddress","","string","Gets or sets the payroll e-mail address used for delivery of the payslip."
"poweroffice","employee","phoneNumber","","string","Gets or sets the phone number."
"poweroffice","employee","reportInternationalId","","boolean","Gets or sets a value indicating whether International ID should be reported to Altinn."
"poweroffice","employee","socialSecurityNumber","","string","Sets the social security number. For privacy reasons queries returns 'hidden' if this field has a value and null if it's empty."
"poweroffice","employee","startDate","","string (date)","Gets or sets the start date."
"poweroffice","employee","streetAddress.address1","","string","Gets or sets the first address line. This is usually used for street name or postal box."
"poweroffice","employee","streetAddress.address2","","string","Gets or sets the second address line. Used for additional specifications of the address."
"poweroffice","employee","streetAddress.address3","","string","OBSOLETE - Gets or sets the third address line. This property is no longer in use and will be removed on a later date."
"poweroffice","employee","streetAddress.city","","string","Gets or sets the city."
"poweroffice","employee","streetAddress.countryCode","","string","Gets or sets the ISO 3166-1 alfa-2 country code (Two characters)"
"poweroffice","employee","streetAddress.externalCode","","string","Get or sets the external code - can be used to reference the address in the external system"
"poweroffice","employee","streetAddress.id","","integer","Gets or sets the identifier. This identifier is unique and assigned by PowerOffice Go when a new entity is saved, and should be provided when an entity should be edited. If this identifier is not provided, PowerOffice Go will try to create a new entity."
"poweroffice","employee","streetAddress.isPrimary","","boolean","Flag indicating whether or not this address is the primary delivery address. Primary delivery address will be suggested as the delivery address when creating new invoices."
"poweroffice","employee","streetAddress.lastChanged","","string (date)","Gets or sets the last changed date (DateTimeOffset)."
"poweroffice","employee","streetAddress.zipCode","","string","Gets or sets the zip code (postal code)."
"poweroffice","employee","streetAddresses","address1","string","Gets or sets the first address line. This is usually used for street name or postal box."
"poweroffice","employee","streetAddresses","address2","string","Gets or sets the second address line. Used for additional specifications of the address."
"poweroffice","employee","streetAddresses","address3","string","OBSOLETE - Gets or sets the third address line. This property is no longer in use and will be removed on a later date."
"poweroffice","employee","streetAddresses","city","string","Gets or sets the city."
"poweroffice","employee","streetAddresses","countryCode","string","Gets or sets the ISO 3166-1 alfa-2 country code (Two characters)"
"poweroffice","employee","streetAddresses","externalCode","string","Get or sets the external code - can be used to reference the address in the external system"
"poweroffice","employee","streetAddresses","id","integer","Gets or sets the identifier. This identifier is unique and assigned by PowerOffice Go when a new entity is saved, and should be provided when an entity should be edited. If this identifier is not provided, PowerOffice Go will try to create a new entity."
"poweroffice","employee","streetAddresses","isPrimary","boolean","Flag indicating whether or not this address is the primary delivery address. Primary delivery address will be suggested as the delivery address when creating new invoices."
"poweroffice","employee","streetAddresses","lastChanged","string (date)","Gets or sets the last changed date (DateTimeOffset)."
"poweroffice","employee","streetAddresses","zipCode","string","Gets or sets the zip code (postal code)."
"poweroffice","employee","subledgerNumberSeriesId","","string (GUID)","Sets the id to the SubledgerNumberSeries the party should be applied to when creating it."
"poweroffice","outgoinginvoice","balance","","decimal","Gets the remaining amount to be paid on this invoice. This field will only have a value on sent or paid invoices and is shown in the client's default currency code. Property can be decimal or integer."
"poweroffice","outgoinginvoice","brandingThemeCode","","string","Gets or sets the code of the branding theme to be used when sending this invoice."
"poweroffice","outgoinginvoice","cid","","string","Gets the cid. This field will only have a value on sent invoices. (Norwegian: KID)"
"poweroffice","outgoinginvoice","contactGroup","","string","The contact group name. Will be returned from PowerOffice Go if GoApi.Invoices.OutgoingInvoice.ContactGroupId is set"
"poweroffice","outgoinginvoice","contactGroupId","","number","The contact group Id. Is set if the invoice is a group invoice. Set this to a valid ContactGroup identifier if the invoice is a group invoice. It is not possible to set GoApi.Invoices.OutgoingInvoice.CustomerCode and ContactGroupId on the same invoice."
"poweroffice","outgoinginvoice","contractNo","","string","Gets or sets the contract no."
"poweroffice","outgoinginvoice","createdDate","","string (date)","Gets the date this entity was created."
"poweroffice","outgoinginvoice","currencyCode","","string","Gets or sets the currency code of the outgoing invoice."
"poweroffice","outgoinginvoice","currencyExchangeRate","","integer","Gets or sets an normalized (always base 1) currency exchange rate."
"poweroffice","outgoinginvoice","customMatchingReference","","string","Gets or sets the custom matching reference. This value will be matched with the sub ledger entries on vouchers with same CustomMatchingReference after posting."
"poweroffice","outgoinginvoice","customerCode","","integer","Gets or sets the code of the Customer that this invoice should be delivered to. It is not possible to set GoApi.Invoices.OutgoingInvoice.ContactGroupId and CustomerCode on the same invoice."
"poweroffice","outgoinginvoice","customerEmail","","string","Gets the customer email address. On sent invoices this field will contain the email the invoice was delivered to if the delivery type was GoApi.Common.InvoiceDeliveryType.PdfByEmail ."
"poweroffice","outgoinginvoice","customerReference","","string","Gets or sets the customer reference."
"poweroffice","outgoinginvoice","customerReferenceContactPersonId","","integer","Gets or sets the customer reference contact person id. This property will be used instead of CustomerReference if provided. The customer must have a contact person with this ID created to use this property."
"poweroffice","outgoinginvoice","debtCollectionCaseStatus","","number","Gets the external DebtCollectionCase status associated with this invoice."
"poweroffice","outgoinginvoice","debtCollectionCode","","string","Gets the external DebtCollectionCase code."
"poweroffice","outgoinginvoice","deliveryAddress1","","string","Gets the delivery address' Address1 that was set on the invoice when it was sent. Will only have a value on invoices with GoApi.Invoices.OutgoingInvoiceStatus.Sent , GoApi.Invoices.OutgoingInvoiceStatus.Paid and GoApi.Invoices.OutgoingInvoiceStatus.Archived ."
"poweroffice","outgoinginvoice","deliveryAddress2","","string","Gets the delivery address Address2 that was set on the invoice when it was sent. Will only have a value on invoices with GoApi.Invoices.OutgoingInvoiceStatus.Sent , GoApi.Invoices.OutgoingInvoiceStatus.Paid and GoApi.Invoices.OutgoingInvoiceStatus.Archived ."
"poweroffice","outgoinginvoice","deliveryAddressCity","","string","Gets the delivery address City that was set on the invoice when it was sent. Will only have a value on invoices with GoApi.Invoices.OutgoingInvoiceStatus.Sent , GoApi.Invoices.OutgoingInvoiceStatus.Paid and GoApi.Invoices.OutgoingInvoiceStatus.Archived ."
"poweroffice","outgoinginvoice","deliveryAddressCountryCode","","string","Gets the delivery address CountryCode that was set on the invoice when it was sent. Will only have a value on invoices with GoApi.Invoices.OutgoingInvoiceStatus.Sent , GoApi.Invoices.OutgoingInvoiceStatus.Paid and GoApi.Invoices.OutgoingInvoiceStatus.Archived ."
"poweroffice","outgoinginvoice","deliveryAddressId","","integer","Gets or sets the delivery address identifier."
"poweroffice","outgoinginvoice","deliveryAddressZipCode","","string","Gets the delivery address ZipCode that was set on the invoice when it was sent. Will only have a value on invoices with GoApi.Invoices.OutgoingInvoiceStatus.Sent , GoApi.Invoices.OutgoingInvoiceStatus.Paid and GoApi.Invoices.OutgoingInvoiceStatus.Archived ."
"poweroffice","outgoinginvoice","deliveryDate","","string (date)","Gets or sets the delivery date."
"poweroffice","outgoinginvoice","deliveryTerm","","string","Gets or set the terms of delivery of the invoice."
"poweroffice","outgoinginvoice","departmentCode","","string","Gets or sets code of the Department this invoice is for. This code will be inherited on all OutgoingInvoiceLines unless '-1' (no department) is specified."
"poweroffice","outgoinginvoice","dim1Code","","string","Gets the code of the CustomDimensionValue 1 this invoice is for."
"poweroffice","outgoinginvoice","dim2Code","","string","Gets the code of the CustomDimensionValue 2 this invoice is for."
"poweroffice","outgoinginvoice","dim3Code","","string","Gets the code of the CustomDimensionValue 3 this invoice is for."
"poweroffice","outgoinginvoice","documentNo","","string","Gets the document no (invoice number). This field will only have a value on sent invoices."
"poweroffice","outgoinginvoice","dueDate","","string (date)","Gets the due date. This is the due date on the invoice that was sent from PowerOffice Go and will only have a value on sent invoices."
"poweroffice","outgoinginvoice","expectedDueDate","","string (date)","Gets the expected due date. This is the date when the invoice is expected to be paid by a customer. In essence this is an override of GoApi.Invoices.OutgoingInvoice.DueDate , that is set by a user in PowerOffice Go after the invoice has been delivered. This field will only have a value on sent invoices."
"poweroffice","outgoinginvoice","externalImportReference","","string","Gets or sets an external import reference. Can be used to correlate/duplicate check invoices. Must be a unique value for a given client, exception will be thrown if an OutgoingInvoice with equal import reference exists. Max length is 50 characters."
"poweroffice","outgoinginvoice","id","","string (GUID)","Gets the identifier. This identifier is unique and assigned by PowerOffice Go when a new entity is saved, and should be provided when an entity should be edited. If this identifier is not provided, PowerOffice Go will try to create a new entity."
"poweroffice","outgoinginvoice","importedOrderNo","","string","Gets or sets the imported order no. This should be set as the order number in the external system."
"poweroffice","outgoinginvoice","invoiceDebtCollectionStatus","","integer","Gets the internal debt collection status associated with this invoice."
"poweroffice","outgoinginvoice","invoiceDeliveryType","","integer","Gets the type of the invoice delivery. This is the means of delivery that was used when the invoice was delivered by PowerOffice Go."
"poweroffice","outgoinginvoice","invoiceNo","","integer","Gets the invoice number in number format. Available only for sent and posted invoices."
"poweroffice","outgoinginvoice","isInvoiceBeingProcessed","","boolean","Get current delivery invoice status. When true the invoice is under delivery."
"poweroffice","outgoinginvoice","lastChanged","","string (date)","Gets the last changed date."
"poweroffice","outgoinginvoice","lastErrorMessage","","string","If invoice delivery fails this property will contain the last error message."
"poweroffice","outgoinginvoice","locationCode","","string","Gets the code of the Location this invoice is for."
"poweroffice","outgoinginvoice","netAmount","","integer","Gets the net amount of the invoice. This is calculated from the GoApi.Invoices.OutgoingInvoice.OutgoingInvoiceLines ."
"poweroffice","outgoinginvoice","orderDate","","string (date)","Gets or sets the order date."
"poweroffice","outgoinginvoice","orderNo","","integer","Gets the order no. This value is auto generated when saving a new OutgoingInvoice."
"poweroffice","outgoinginvoice","ourReferenceEmployeeCode","","integer","Gets or sets code of the Employee that is the sales person on this outgoing invoice."
"poweroffice","outgoinginvoice","outgoingInvoiceLines.Accrual.BalanceAccountCode","","number","The code of the GeneralLedgerAccount used for keeping accrual balance. (Norwegian: Balansekonto)"
"poweroffice","outgoinginvoice","outgoingInvoiceLines.Accrual.FromDate","","string (date)","Start date of accrual. If the invoice is a RecurringInvoice , NumOfMonths should be used instead."
"poweroffice","outgoinginvoice","outgoingInvoiceLines.Accrual.IsActive","","boolean","States if accrual is active or not."
"poweroffice","outgoinginvoice","outgoingInvoiceLines.Accrual.NumOfMonths","","number","Used by recurring invoice to specify the number of months the invoice should be accrued over. This property will only be used if the accrual is on a line that is on a RecurringInvoice"
"poweroffice","outgoinginvoice","outgoingInvoiceLines.Accrual.ResultAccountCode","","number","The code of the GeneralLedgerAccount used for posting the result. (Norwegian: Resultatkonto)"
"poweroffice","outgoinginvoice","outgoingInvoiceLines.Accrual.ToDate","","string (date)","End date of accrual. If the invoice is a RecurringInvoice , NumOfMonths should be used instead."
"poweroffice","outgoinginvoice","outgoingInvoiceLines.ExternalImportLineReference","","string","Gets or sets an external import line reference. Can be used to correlate/duplicate check invoice lines. Must be a unique value for a given client, exception will be thrown if an OutgoingInvoiceLine with equal import reference exists for the same invoice. Max length is 50 characters."
"poweroffice","outgoinginvoice","outgoingInvoiceLines.IsDeleted","","boolean","Flag indicating if a line should be deleted from the invoice when calling the save method. This property should be used when deleting lines."
"poweroffice","outgoinginvoice","outgoingInvoiceLines.LocationCode","","string","Gets the code of the Location this line is for."
"poweroffice","outgoinginvoice","outgoingInvoiceLines.departmentCode","","string","Gets or sets code of the Department this line is for. By default the DepartmentCode in the head (OutgoingInvoice) will be inherited and used when this is null. Use '-1' to set 'No department'."
"poweroffice","outgoinginvoice","outgoingInvoiceLines.description","","string","Gets or sets the description."
"poweroffice","outgoinginvoice","outgoingInvoiceLines.discountPercent","","decimal","Gets or sets the discount. The value must be between 0 and 1. I.e. 0.5 = 50% discount. Can also be used to add a premium in percent of the sales price (usually markup) by having negative number. Negative numbers can be between -10 and 0. Property can be decimal or integer."
"poweroffice","outgoinginvoice","outgoingInvoiceLines.exemptVat","","boolean",""
"poweroffice","outgoinginvoice","outgoingInvoiceLines.id","","integer","Gets the identifier. This identifier is unique and assigned by PowerOffice Go when a new entity is saved, and should be provided when an entity should be edited. If this identifier is not provided, PowerOffice Go will try to create a new entity. Important notice: When the OutgoingInvoice status goes from Draft or Approved to a posted invoice (status Sent, Paid or Archived). The draft invoice is copied over to a posted invoice, causing the Id to change."
"poweroffice","outgoinginvoice","outgoingInvoiceLines.lineType","","integer","Gets or sets the type of the line. When adding invoice lines to the OutgoingInvoice , the types supported are GoApi.Common.VoucherLineType.Normal , GoApi.Common.VoucherLineType.Summary and GoApi.Common.VoucherLineType.Text ."
"poweroffice","outgoinginvoice","outgoingInvoiceLines.netAmount","","integer","Gets the net amount. This is calculated by PowerOffice Go using the quantity, product price (or overridden unit price) and discount, not including value added tax (VAT)."
"poweroffice","outgoinginvoice","outgoingInvoiceLines.productCode","","string","Gets or sets the code of the Product . Must be provided on lines that affects the result (lines that are of GoApi.Common.VoucherLineType.Normal )."
"poweroffice","outgoinginvoice","outgoingInvoiceLines.projectCode","","string","Gets or sets the code of the Project this line is for. By default the ProjectCode in the head (OutgoingInvoice) will be inherited and used when this is null. Use '-1' to set 'No project'."
"poweroffice","outgoinginvoice","outgoingInvoiceLines.quantity","","integer","Gets or sets the quantity."
"poweroffice","outgoinginvoice","outgoingInvoiceLines.salesAccount","","integer","Gets the code of the GeneralLedgerAccount that will be used for posting the revenue from the product when the invoice is sent if the customer is exempt VAT, or the line has ExemptVat set to true. The usual application in Go is that the alternative sales account is used for vat free sales with code 5. The alternative sales account can, however, be used with an account with vat in order to alternate between different vat codes on the product. This applies to all outgoing invoices with OutgoingInvoiceStatus GoApi.Invoices.OutgoingInvoiceStatus.Draft or GoApi.Invoices.OutgoingInvoiceStatus.Approved . Lines on invoices that are posted (has OutgoingInvoiceStatus GoApi.Invoices.OutgoingInvoiceStatus.Sent or GoApi.Invoices.OutgoingInvoiceStatus.Paid .), this property will contain the actual account that was used to post the revenue."
"poweroffice","outgoinginvoice","outgoingInvoiceLines.salesPersonEmployeeCode","","integer","Gets or sets code of the Employee that is the sales person on this line."
"poweroffice","outgoinginvoice","outgoingInvoiceLines.sortOrder","","integer","Gets or sets the sort order. Can be used to specify the order of the lines on the invoice."
"poweroffice","outgoinginvoice","outgoingInvoiceLines.totalAmount","","decimal","Gets the total amount. This is calculated by PowerOffice Go using the quantity, product price (or overridden unit price) and discount, including value added tax (VAT). Property can be decimal or integer."
"poweroffice","outgoinginvoice","outgoingInvoiceLines.unitCost","","integer","Gets or sets the overridden unit cost price for this Product . If this is not provided, the unit cost price on the product will be set."
"poweroffice","outgoinginvoice","outgoingInvoiceLines.unitOfMeasure","","string","OBSOLETE - Gets or sets the unit of measure. This is an Oasis compatible unit-of-measure code. This property is deprecated. Use GoApi.Invoices.OutgoingInvoiceLine.UnitOfMeasureCode . If both GoApi.Invoices.OutgoingInvoiceLine.UnitOfMeasure and GoApi.Invoices.OutgoingInvoiceLine.UnitOfMeasureCode is set, GoApi.Invoices.OutgoingInvoiceLine.UnitOfMeasureCode will be used."
"poweroffice","outgoinginvoice","outgoingInvoiceLines.unitOfMeasureCode","","integer","Gets or sets the unit of measure. This is an Oasis compatible unit-of-measure code."
"poweroffice","outgoinginvoice","outgoingInvoiceLines.unitPrice","","integer","Gets or sets the overridden unit price for this Product before discount. If this is not provided, the unit price on the product will be set."
"poweroffice","outgoinginvoice","outgoingInvoiceLines.vatCode","","string","Gets the code of the VatCode . (Norwegian: MVA-kode)"
"poweroffice","outgoinginvoice","outgoingInvoiceLines.vatExemptSalesAccount","","integer","Gets the code of the GeneralLedgerAccount that will be used for posting the revenue from the product when the invoice is sent if the customer is exempt VAT. This applies to all outgoing invoices with OutgoingInvoiceStatus GoApi.Invoices.OutgoingInvoiceStatus.Draft or GoApi.Invoices.OutgoingInvoiceStatus.Approved . Lines on invoices that are posted (has OutgoingInvoiceStatus GoApi.Invoices.OutgoingInvoiceStatus.Sent or GoApi.Invoices.OutgoingInvoiceStatus.Paid .), this property will contain the actual account that was used to post the revenue."
"poweroffice","outgoinginvoice","outgoingInvoiceLines.vatRate","","decimal","Gets the rate of the VatCode . Property can be decimal or integer."
"poweroffice","outgoinginvoice","outgoingInvoiceLines.vatReturnSpecification","","integer","Gets or sets the VatReturnSpecification . Entries that are vat reportable might report vat return specifications from 2022. If not provided, the line will use the vat returns specification that is default on the account of the product if there is any, otherwise GoApi.Common.VatReturnSpecification.None ."
"poweroffice","outgoinginvoice","paymentTerms","","integer","Gets or sets the payment terms. This is the number of days until the invoice is due after sending."
"poweroffice","outgoinginvoice","projectCode","","string","Gets or sets the code of the Project this invoice is for. This code will be inherited on all OutgoingInvoiceLines unless '-1' (no project) is specified."
"poweroffice","outgoinginvoice","purchaseOrderNo","","string","Gets or sets the purchase order no."
"poweroffice","outgoinginvoice","relatedDocumentNo","","string","Gets or sets the related DocumentNo linking the original invoice. Can be used when creating credit notes. If set on a credit note, this credit note will be matched with an invoice with the provided InvoiceNo / DocumentNo when the credit note is posted."
"poweroffice","outgoinginvoice","sentDate","","string (date)","Gets the date the invoice was sent in Go. Only available for invoices sent from Go. Blank if the invoice was posted to Go using an import of the voucher."
"poweroffice","outgoinginvoice","status","","integer","Gets or sets the status. Invoices can only be set to status GoApi.Invoices.OutgoingInvoiceStatus.Draft or GoApi.Invoices.OutgoingInvoiceStatus.Approved . Defaults to GoApi.Invoices.OutgoingInvoiceStatus.Draft ."
"poweroffice","outgoinginvoice","totalAmount","","decimal","Gets the total amount of the invoice. This is calculated from the GoApi.Invoices.OutgoingInvoice.OutgoingInvoiceLines (property can be decimal or integer)."
"poweroffice","outgoinginvoice","voucherDate","","string (date)","Gets the voucher date. This is the date when the invoice was sent from PowerOffice Go and will only have a value on sent invoices."
"poweroffice","outgoinginvoice","voucherNo","","integer","Gets the voucher number the invoice have. Only avaialble for sent invoices."
"poweroffice","product","availableStock","","number","Gets the number of products available. This is the GoApi.Products.Product.ProductsOnHand reduced by the amount of products added to order lines that is yet to be billed."
"poweroffice","product","code","","string","Gets or sets the code. This code is an unique identification of the product."
"poweroffice","product","costPrice","","integer","Gets or sets the cost price of the product."
"poweroffice","product","createdFromImportJournalId","","string (GUID)","Gets the identifier of the Import that created this product."
"poweroffice","product","description","","string","Gets or sets the description."
"poweroffice","product","gtin","","string","Gets or sets the GTIN (Global trade item number)."
"poweroffice","product","id","","integer","Gets the identifier. This identifier is unique and assigned by PowerOffice Go when a new entity is saved, and should be provided when an entity should be edited. If this identifier is not provided, PowerOffice Go will try to create a new entity."
"poweroffice","product","isActive","","boolean","Gets or sets a value indicating whether this product is active."
"poweroffice","product","lastChanged","","string (date)","Gets the last changed date."
"poweroffice","product","name","","string","Gets or sets the name of the product."
"poweroffice","product","productGroupId","","integer","Gets or sets the identifier of the ProductGroup that this product belongs in."
"poweroffice","product","productsOnHand","","number","Gets or sets the number of products on hand (total currently in stock)."
"poweroffice","product","productsOnHandLastChanged","","string (date)","Gets the last products on hand changed date."
"poweroffice","product","salesAccount","","integer","Gets or sets the code of the GeneralLedgerAccount that is used as sales account when invoicing this product."
"poweroffice","product","salesPrice","","integer","Gets or sets the sales price of the product exclusive Value Added Tax (VAT)."
"poweroffice","product","type","","integer","Gets or sets the type of the product. Products can either be a GoApi.Products.ProductType.Product or a GoApi.Products.ProductType.Service"
"poweroffice","product","unit","","string","OBSOLETE - Gets or sets the Oasis compatible unit-of-measure code. This property is marked obsolete. Use GoApi.Products.Product.UnitOfMeasureCode instead when creating or updating a product."
"poweroffice","product","unitOfMeasureCode","","integer","Gets or sets the unit of measure ( UnitOfMeasureCode ). This is an Oasis compatible unit-of-measure code. If the unit of measure was saved using GoApi.Products.Product.Unit , and the value is not compatible with this enum, this property will be NULL and the original unit string will be present in GoApi.Products.Product.Unit ."
"poweroffice","product","vatCode","","string","Gets the code of the VatCode used when billing the product. If not present, get the from the product group this product is in."
"poweroffice","product","vatExemptSalesAccount","","integer","Gets or sets the code of the GeneralLedgerAccount that will be used for posting the revenue from the product when the invoice is sent if the customer is exempt VAT (Value added tax), or the invoice line on the invoice with the product has ExemptVat set to true. The alternative sales account will be used for posting the revenue from the product when the invoice is sent if the customer is exempt vat, or the line has ExemptVat set to true. The usual application in Go is that the alternative sales account is used for vat free sales with code 5. The alternative sales account can, however, be used with an account with vat in order to alternate between different vat codes on the product. ///"
"poweroffice","productgroup","code","","string","Gets or sets the code of the product group. This is a unique identification of the group."
"poweroffice","productgroup","costPrice","","integer","Gets or sets the default cost price for products in this product group."
"poweroffice","productgroup","createdFromImportJournalId","","string (GUID)","Gets the identifier of the Import that created this product group."
"poweroffice","productgroup","description","","string","Gets or sets the description."
"poweroffice","productgroup","id","","integer","Gets the identifier. This identifier is unique and assigned by PowerOffice Go when a new entity is saved, and should be provided when an entity should be edited. If this identifier is not provided, PowerOffice Go will try to create a new entity."
"poweroffice","productgroup","lastChanged","","string (date)","Gets the last changed date."
"poweroffice","productgroup","name","","string","Gets or sets the product group name."
"poweroffice","productgroup","salesAccount","","integer","Gets or sets the code of the default GeneralLedgerAccount for products in this product group."
"poweroffice","productgroup","salesPrice","","integer","Gets or sets the default sales price exempt value added tax (VAT) for products in this product group."
"poweroffice","productgroup","type","","integer","Gets or sets the default product type for products in this product group."
"poweroffice","productgroup","unit","","string","Gets or sets the default Oasis compatible unit-of-measure code. for products in this product group."
"poweroffice","productgroup","vatExemptSalesAccount","","integer","Gets or sets the code of the GeneralLedgerAccount that will be used for posting the revenue from the product group when the invoice is sent if the customer is exempt VAT (Value added tax), or the invoice line on the invoice with a product in the product group has ExemptVat set to true. The alternative sales account will be used for posting the revenue from a product in the product group when the invoice is sent if the customer is exempt vat, or the invoice line has ExemptVat set to true. The usual application in Go is that the alternative sales account is used for vat free sales with code 5. The alternative sales account can, however, be used with an account with vat in order to alternate between different vat codes on the product group."
"poweroffice","supplier","code","","integer","Gets or sets the code."
"poweroffice","supplier","contactGroups","","array","Gets or sets the contact groups. This collection will contain the names of all the ContactGroup the party is associated with. If the collection is provided a contact group that does not exist, the contact group will be created when saving."
"poweroffice","supplier","contactPersonId","","integer","Gets or sets id of the primary ContactPerson on the party."
"poweroffice","supplier","createdDate","","string (date)","Gets the creation date."
"poweroffice","supplier","createdFromImportJournalId","","string (GUID)","Gets the if of the Import that created this party."
"poweroffice","supplier","currencyCode","","string","Gets or sets the currency code."
"poweroffice","supplier","dateOfBirth","","string (date)","Gets or sets the date of birth."
"poweroffice","supplier","emailAddress","","string","Gets or sets the email address."
"poweroffice","supplier","externalCode","","integer","Gets or sets the external code. If this entity is imported with a number outside the number range for this type of party, this field will contain the imported original number. This number has precedence over GoApi.Party.Party.Code when choosing which entity to use when importing files through the import service. I.e. when importing OutgoingInvoices on the import service on a customer with Code 10000 - the import will choose the customer with ExternalCode 10000 over the customer with Code 10000."
"poweroffice","supplier","externalImportReference","","string","Gets or sets an external import reference that is unique within the account type (Customer, Supplier, Employee). It can be edited by any integration - at any time. Max length is 50 characters."
"poweroffice","supplier","firstName","","string","Gets or sets the first name."
"poweroffice","supplier","id","","integer","Gets the identifier. This identifier is unique and assigned by PowerOffice Go when a new entity is saved, and should be provided when an entity should be edited. If this identifier is not provided, PowerOffice Go will try to create a new entity."
"poweroffice","supplier","internationalIdCountryCode","","string","Gets or sets the international ID country code. Country code is given in ISO 3166-1 alfa-2 standard (Two characters)."
"poweroffice","supplier","internationalIdNumber","","string","Gets or sets the international ID number. For privacy reasons queries returns 'hidden' if this field has a value and null if it's empty."
"poweroffice","supplier","internationalIdType","","string","Gets or sets the international ID type. Type values are not accessible in the docs. see https://api.poweroffice.net/Web/docs/index.html#Reference/Rest/Type_Supplier.md"
"poweroffice","supplier","isActive","","boolean","Gets IsActive on Customer and Supplier. This property reflects if an entity is currently a Customer and/or Supplier, depending on the endpoint queried."
"poweroffice","supplier","isArchived","","boolean","Gets or sets a value indicating whether this party is archived (is inactive)"
"poweroffice","supplier","isPerson","","boolean","Gets or sets a value indicating whether this party is a private person."
"poweroffice","supplier","lastChanged","","string (date)","Gets the last changed date."
"poweroffice","supplier","lastName","","string","Gets or sets the last name."
"poweroffice","supplier","legalName","","string","Gets or sets the legal name."
"poweroffice","supplier","mailAddress.address1","","string","Gets or sets the first address line. This is usually used for street name or postal box."
"poweroffice","supplier","mailAddress.address2","","string","Gets or sets the second address line. Used for additional specifications of the address."
"poweroffice","supplier","mailAddress.address3","","string","OBSOLETE - Gets or sets the third address line. This property is no longer in use and will be removed on a later date."
"poweroffice","supplier","mailAddress.city","","string","Gets or sets the city."
"poweroffice","supplier","mailAddress.countryCode","","string","Gets or sets the ISO 3166-1 alfa-2 country code (Two characters)"
"poweroffice","supplier","mailAddress.externalCode","","string","Get or sets the external code - can be used to reference the address in the external system"
"poweroffice","supplier","mailAddress.id","","integer","Gets or sets the identifier. This identifier is unique and assigned by PowerOffice Go when a new entity is saved, and should be provided when an entity should be edited. If this identifier is not provided, PowerOffice Go will try to create a new entity."
"poweroffice","supplier","mailAddress.isPrimary","","boolean","Flag indicating whether or not this address is the primary delivery address. Primary delivery address will be suggested as the delivery address when creating new invoices."
"poweroffice","supplier","mailAddress.lastChanged","","string (date)","Gets or sets the last changed date (DateTimeOffset)."
"poweroffice","supplier","mailAddress.zipCode","","string","Gets or sets the zip code (postal code)."
"poweroffice","supplier","name","","string","Gets or sets the name."
"poweroffice","supplier","phoneNumber","","string","Gets or sets the phone number."
"poweroffice","supplier","reportInternationalId","","boolean","Gets or sets a value indicating whether International ID should be reported to Altinn."
"poweroffice","supplier","since","","string (date)","Gets or sets when the customer or supplier first became a contact."
"poweroffice","supplier","socialSecurityNumber","","string","Sets the social security number. For privacy reasons queries returns 'hidden' if this field has a value and null if it's empty."
"poweroffice","supplier","standardGeneralLedgerAccountCode","","number","Gets or sets the code of the standard GeneralLedgerAccount that should be used when posting incoming invoices from this supplier."
"poweroffice","supplier","streetAddress.address1","","string","Gets or sets the first address line. This is usually used for street name or postal box."
"poweroffice","supplier","streetAddress.address2","","string","Gets or sets the second address line. Used for additional specifications of the address."
"poweroffice","supplier","streetAddress.address3","","string","OBSOLETE - Gets or sets the third address line. This property is no longer in use and will be removed on a later date."
"poweroffice","supplier","streetAddress.city","","string","Gets or sets the city."
"poweroffice","supplier","streetAddress.countryCode","","string","Gets or sets the ISO 3166-1 alfa-2 country code (Two characters)"
"poweroffice","supplier","streetAddress.externalCode","","string","Get or sets the external code - can be used to reference the address in the external system"
"poweroffice","supplier","streetAddress.id","","integer","Gets or sets the identifier. This identifier is unique and assigned by PowerOffice Go when a new entity is saved, and should be provided when an entity should be edited. If this identifier is not provided, PowerOffice Go will try to create a new entity."
"poweroffice","supplier","streetAddress.isPrimary","","boolean","Flag indicating whether or not this address is the primary delivery address. Primary delivery address will be suggested as the delivery address when creating new invoices."
"poweroffice","supplier","streetAddress.lastChanged","","string (date)","Gets or sets the last changed date (DateTimeOffset)."
"poweroffice","supplier","streetAddress.zipCode","","string","Gets or sets the zip code (postal code)."
"poweroffice","supplier","streetAddresses","address1","string","Gets or sets the first address line. This is usually used for street name or postal box."
"poweroffice","supplier","streetAddresses","address2","string","Gets or sets the second address line. Used for additional specifications of the address."
"poweroffice","supplier","streetAddresses","address3","string","OBSOLETE - Gets or sets the third address line. This property is no longer in use and will be removed on a later date."
"poweroffice","supplier","streetAddresses","city","string","Gets or sets the city."
"poweroffice","supplier","streetAddresses","countryCode","string","Gets or sets the ISO 3166-1 alfa-2 country code (Two characters)"
"poweroffice","supplier","streetAddresses","externalCode","string","Get or sets the external code - can be used to reference the address in the external system"
"poweroffice","supplier","streetAddresses","id","integer","Gets or sets the identifier. This identifier is unique and assigned by PowerOffice Go when a new entity is saved, and should be provided when an entity should be edited. If this identifier is not provided, PowerOffice Go will try to create a new entity."
"poweroffice","supplier","streetAddresses","isPrimary","boolean","Flag indicating whether or not this address is the primary delivery address. Primary delivery address will be suggested as the delivery address when creating new invoices."
"poweroffice","supplier","streetAddresses","lastChanged","string (date)","Gets or sets the last changed date (DateTimeOffset)."
"poweroffice","supplier","streetAddresses","zipCode","string","Gets or sets the zip code (postal code)."
"poweroffice","supplier","subledgerNumberSeriesId","","string (GUID)","Sets the id to the SubledgerNumberSeries the party should be applied to when creating it."
"poweroffice","supplier","supplierCreatedDate","","string (date)","Gets date when contact first became a supplier"
"poweroffice","supplier","vatNumber","","string","Gets or sets the vat number (Organization number)."
"poweroffice","supplier","websiteUrl","","string","Gets or sets the website URL."
